spend_id,channel,month,spend_amount,new_customers_acquired,leads_generated
1,Paid Search,2021-01-01,38164.97,56,798.0
2,Paid Search,2021-02-01,26645.85,42,643.0
3,Paid Search,2021-03-01,40064.54,37,864.0
4,Paid Search,2021-04-01,39222.45,38,944.0
5,Paid Search,2021-05-01,23023.3,57,566.0
6,Paid Search,2021-06-01,35051.41,48,778.0
7,Paid Search,2021-07-01,31833.25,36,656.0
8,Paid Search,2021-08-01,23148.72,36,497.0
9,Paid Search,2021-09-01,33914.61,60,749.0
10,Paid Search,2021-10-01,42063.93,38,921.0
11,Paid Search,2021-11-01,39837.13,40,977.0
12,Paid Search,2021-12-01,41883.49,46,802.0
13,Paid Search,2022-01-01,36469.73,36,762.0
14,Paid Search,2022-02-01,38065.9,18,837.0
15,Paid Search,2022-03-01,29753.34,22,699.0
16,Paid Search,2022-04-01,35229.15,23,742.0
17,Paid Search,2022-05-01,37548.28,19,807.0
18,Paid Search,2022-06-01,31026.63,37,712.0
19,Paid Search,2022-07-01,25336.34,25,480.0
20,Paid Search,2022-08-01,35094.92,32,678.0
21,Paid Search,2022-09-01,34978.94,29,894.0
22,Paid Search,2022-10-01,39240.01,28,826.0
23,Paid Search,2022-11-01,28997.13,18,719.0
24,Paid Search,2022-12-01,42292.4,26,862.0
25,Paid Search,2023-01-01,33275.06,19,695.0
26,Paid Search,2023-02-01,30963.9,10,750.0
27,Paid Search,2023-03-01,46024.3,11,962.0
28,Paid Search,2023-04-01,42747.88,20,923.0
29,Paid Search,2023-05-01,39654.87,17,777.0
30,Paid Search,2023-06-01,31588.15,12,680.0
31,Paid Search,2023-07-01,41454.22,13,804.0
32,Paid Search,2023-08-01,45638.72,15,937.0
33,Paid Search,2023-09-01,40560.8,11,767.0
34,Paid Search,2023-10-01,49466.73,14,1164.0
35,Paid Search,2023-11-01,46198.37,15,897.0
36,Paid Search,2023-12-01,43616.06,13,913.0
37,Paid Search,2024-01-01,43554.98,10,884.0
38,Paid Search,2024-02-01,36841.16,7,758.0
39,Paid Search,2024-03-01,49511.22,6,1162.0
40,Paid Search,2024-04-01,48263.57,10,979.0
41,Paid Search,2024-05-01,35178.9,2,790.0
42,Paid Search,2024-06-01,31821.09,5,672.0
43,Paid Search,2024-07-01,30758.28,11,609.0
44,Paid Search,2024-08-01,33509.5,6,813.0
45,Paid Search,2024-09-01,47768.93,9,1146.0
46,Paid Search,2024-10-01,46522.01,4,1134.0
47,Paid Search,2024-11-01,36058.89,6,753.0
48,Paid Search,2024-12-01,53256.9,9,1254.0
49,Organic Search,2021-01-01,4665.13,38,397.0
50,Organic Search,2021-02-01,4142.61,44,351.0
51,Organic Search,2021-03-01,2583.6,42,210.0
52,Organic Search,2021-04-01,2457.46,48,229.0
53,Organic Search,2021-05-01,4483.06,39,326.0
54,Organic Search,2021-06-01,3310.84,54,278.0
55,Organic Search,2021-07-01,4120.41,43,323.0
56,Organic Search,2021-08-01,3584.93,41,331.0
57,Organic Search,2021-09-01,2438.68,45,210.0
58,Organic Search,2021-10-01,5750.4,40,420.0
59,Organic Search,2021-11-01,4606.81,42,437.0
60,Organic Search,2021-12-01,2983.13,34,231.0
61,Organic Search,2022-01-01,4833.11,26,449.0
62,Organic Search,2022-02-01,5211.61,19,494.0
63,Organic Search,2022-03-01,4821.48,20,461.0
64,Organic Search,2022-04-01,5791.65,18,422.0
65,Organic Search,2022-05-01,4511.88,16,387.0
66,Organic Search,2022-06-01,6401.51,27,522.0
67,Organic Search,2022-07-01,6217.86,25,464.0
68,Organic Search,2022-08-01,3797.74,20,307.0
69,Organic Search,2022-09-01,4536.76,32,364.0
70,Organic Search,2022-10-01,3487.13,18,333.0
71,Organic Search,2022-11-01,4245.99,16,307.0
72,Organic Search,2022-12-01,5981.93,21,503.0
73,Organic Search,2023-01-01,3392.94,16,307.0
74,Organic Search,2023-02-01,3896.49,13,358.0
75,Organic Search,2023-03-01,2565.7,12,224.0
76,Organic Search,2023-04-01,4945.27,5,364.0
77,Organic Search,2023-05-01,2939.19,7,238.0
78,Organic Search,2023-06-01,2813.53,14,205.0
79,Organic Search,2023-07-01,7230.27,6,643.0
80,Organic Search,2023-08-01,6834.43,12,609.0
81,Organic Search,2023-09-01,2994.13,14,279.0
82,Organic Search,2023-10-01,3329.3,10,287.0
83,Organic Search,2023-11-01,7281.14,7,607.0
84,Organic Search,2023-12-01,4768.1,11,345.0
85,Organic Search,2024-01-01,6666.13,8,482.0
86,Organic Search,2024-02-01,3338.46,10,295.0
87,Organic Search,2024-03-01,3349.98,3,293.0
88,Organic Search,2024-04-01,3806.03,6,313.0
89,Organic Search,2024-05-01,7357.94,5,705.0
90,Organic Search,2024-06-01,6009.05,8,502.0
91,Organic Search,2024-07-01,6054.49,5,508.0
92,Organic Search,2024-08-01,3295.46,9,289.0
93,Organic Search,2024-09-01,5664.2,9,421.0
94,Organic Search,2024-10-01,4133.01,10,338.0
95,Organic Search,2024-11-01,6265.57,5,596.0
96,Organic Search,2024-12-01,7303.89,4,595.0
97,Referral,2021-01-01,1236.97,51,
98,Referral,2021-02-01,1231.76,32,
99,Referral,2021-03-01,2166.31,25,
100,Referral,2021-04-01,962.19,38,
101,Referral,2021-05-01,2494.55,32,
102,Referral,2021-06-01,2273.84,42,
103,Referral,2021-07-01,1641.19,34,
104,Referral,2021-08-01,1415.79,33,
105,Referral,2021-09-01,1579.28,41,
106,Referral,2021-10-01,914.11,41,
107,Referral,2021-11-01,1787.43,27,
108,Referral,2021-12-01,2112.09,31,
109,Referral,2022-01-01,2352.51,24,
110,Referral,2022-02-01,2392.83,16,
111,Referral,2022-03-01,2347.54,16,
112,Referral,2022-04-01,1334.72,18,
113,Referral,2022-05-01,2651.97,22,
114,Referral,2022-06-01,2318.81,8,
115,Referral,2022-07-01,1346.01,20,
116,Referral,2022-08-01,2716.87,15,
117,Referral,2022-09-01,2100.03,22,
118,Referral,2022-10-01,1397.13,22,
119,Referral,2022-11-01,2347.7,17,
120,Referral,2022-12-01,1266.95,14,
121,Referral,2023-01-01,2772.84,17,
122,Referral,2023-02-01,1864.08,13,
123,Referral,2023-03-01,1342.56,11,
124,Referral,2023-04-01,2933.06,13,
125,Referral,2023-05-01,2401.71,13,
126,Referral,2023-06-01,2466.87,13,
127,Referral,2023-07-01,1820.58,8,
128,Referral,2023-08-01,2289.08,11,
129,Referral,2023-09-01,2529.86,11,
130,Referral,2023-10-01,2346.23,11,
131,Referral,2023-11-01,3056.07,11,
132,Referral,2023-12-01,1511.92,5,
133,Referral,2024-01-01,1703.9,6,
134,Referral,2024-02-01,2026.96,5,
135,Referral,2024-03-01,1055.18,10,
136,Referral,2024-04-01,1598.94,8,
137,Referral,2024-05-01,2272.06,7,
138,Referral,2024-06-01,2739.84,12,
139,Referral,2024-07-01,2394.43,4,
140,Referral,2024-08-01,1857.65,5,
141,Referral,2024-09-01,1643.61,8,
142,Referral,2024-10-01,2069.98,4,
143,Referral,2024-11-01,1602.38,3,
144,Referral,2024-12-01,1343.86,6,
145,Outbound Sales,2021-01-01,33685.25,36,425.0
146,Outbound Sales,2021-02-01,29089.4,22,338.0
147,Outbound Sales,2021-03-01,34294.0,31,360.0
148,Outbound Sales,2021-04-01,46036.12,30,455.0
149,Outbound Sales,2021-05-01,35941.17,27,437.0
150,Outbound Sales,2021-06-01,44091.78,36,427.0
151,Outbound Sales,2021-07-01,45884.65,25,525.0
152,Outbound Sales,2021-08-01,39868.15,28,400.0
153,Outbound Sales,2021-09-01,42097.7,40,423.0
154,Outbound Sales,2021-10-01,48592.58,25,537.0
155,Outbound Sales,2021-11-01,46691.43,27,589.0
156,Outbound Sales,2021-12-01,36587.82,23,396.0
157,Outbound Sales,2022-01-01,41499.01,26,430.0
158,Outbound Sales,2022-02-01,34250.38,19,430.0
159,Outbound Sales,2022-03-01,38095.9,17,452.0
160,Outbound Sales,2022-04-01,45605.9,23,475.0
161,Outbound Sales,2022-05-01,42755.38,27,497.0
162,Outbound Sales,2022-06-01,52824.46,14,637.0
163,Outbound Sales,2022-07-01,42218.96,15,492.0
164,Outbound Sales,2022-08-01,34245.46,14,429.0
165,Outbound Sales,2022-09-01,44351.99,23,480.0
166,Outbound Sales,2022-10-01,42077.85,25,401.0
167,Outbound Sales,2022-11-01,36542.48,20,467.0
168,Outbound Sales,2022-12-01,33018.07,15,417.0
169,Outbound Sales,2023-01-01,35080.47,13,337.0
170,Outbound Sales,2023-02-01,39771.95,5,391.0
171,Outbound Sales,2023-03-01,38016.1,8,390.0
172,Outbound Sales,2023-04-01,33822.72,9,380.0
173,Outbound Sales,2023-05-01,36522.93,9,449.0
174,Outbound Sales,2023-06-01,57632.5,9,695.0
175,Outbound Sales,2023-07-01,42089.31,10,494.0
176,Outbound Sales,2023-08-01,55184.61,8,615.0
177,Outbound Sales,2023-09-01,42571.3,7,419.0
178,Outbound Sales,2023-10-01,49967.4,11,526.0
179,Outbound Sales,2023-11-01,56001.3,6,626.0
180,Outbound Sales,2023-12-01,39813.22,7,389.0
181,Outbound Sales,2024-01-01,60088.38,3,655.0
182,Outbound Sales,2024-02-01,36556.2,5,371.0
183,Outbound Sales,2024-03-01,47330.31,2,503.0
184,Outbound Sales,2024-04-01,38283.88,7,421.0
185,Outbound Sales,2024-05-01,56434.53,5,674.0
186,Outbound Sales,2024-06-01,50412.85,4,516.0
187,Outbound Sales,2024-07-01,48555.52,4,485.0
188,Outbound Sales,2024-08-01,40184.09,5,426.0
189,Outbound Sales,2024-09-01,47047.52,3,524.0
190,Outbound Sales,2024-10-01,57577.65,4,704.0
191,Outbound Sales,2024-11-01,55843.74,5,601.0
192,Outbound Sales,2024-12-01,58856.86,7,689.0
193,Partner,2021-01-01,16998.55,25,
194,Partner,2021-02-01,11465.95,24,
195,Partner,2021-03-01,10601.78,17,
196,Partner,2021-04-01,13263.03,23,
197,Partner,2021-05-01,9652.87,24,
198,Partner,2021-06-01,14086.4,18,
199,Partner,2021-07-01,16413.8,22,
200,Partner,2021-08-01,11163.98,20,
201,Partner,2021-09-01,13826.4,25,
202,Partner,2021-10-01,17711.53,33,
203,Partner,2021-11-01,15474.43,29,
204,Partner,2021-12-01,16370.39,16,
205,Partner,2022-01-01,15519.16,26,
206,Partner,2022-02-01,17167.67,19,
207,Partner,2022-03-01,14252.84,16,
208,Partner,2022-04-01,18823.47,13,
209,Partner,2022-05-01,16644.67,12,
210,Partner,2022-06-01,11274.33,17,
211,Partner,2022-07-01,11828.0,15,
212,Partner,2022-08-01,17416.56,17,
213,Partner,2022-09-01,10917.29,23,
214,Partner,2022-10-01,14966.0,19,
215,Partner,2022-11-01,17694.01,9,
216,Partner,2022-12-01,15147.17,10,
217,Partner,2023-01-01,20825.33,8,
218,Partner,2023-02-01,19838.03,7,
219,Partner,2023-03-01,15222.32,7,
220,Partner,2023-04-01,11500.78,3,
221,Partner,2023-05-01,18532.88,3,
222,Partner,2023-06-01,17308.37,6,
223,Partner,2023-07-01,12681.28,9,
224,Partner,2023-08-01,22048.97,7,
225,Partner,2023-09-01,16529.91,6,
226,Partner,2023-10-01,15392.93,7,
227,Partner,2023-11-01,11543.99,5,
228,Partner,2023-12-01,16147.73,7,
229,Partner,2024-01-01,17212.64,4,
230,Partner,2024-02-01,22534.87,3,
231,Partner,2024-03-01,22246.61,5,
232,Partner,2024-04-01,21960.29,4,
233,Partner,2024-05-01,19060.58,3,
234,Partner,2024-06-01,21673.75,5,
235,Partner,2024-07-01,16033.54,5,
236,Partner,2024-08-01,15824.06,0,
237,Partner,2024-09-01,20887.82,1,
238,Partner,2024-10-01,16124.89,5,
239,Partner,2024-11-01,19313.66,5,
240,Partner,2024-12-01,15530.98,3,
241,Content/Social,2021-01-01,11819.35,41,544.0
242,Content/Social,2021-02-01,10955.85,38,577.0
243,Content/Social,2021-03-01,11297.22,33,603.0
244,Content/Social,2021-04-01,9410.76,27,467.0
245,Content/Social,2021-05-01,11955.72,30,686.0
246,Content/Social,2021-06-01,9533.9,29,426.0
247,Content/Social,2021-07-01,6408.39,20,316.0
248,Content/Social,2021-08-01,12876.24,34,623.0
249,Content/Social,2021-09-01,9195.19,26,509.0
250,Content/Social,2021-10-01,13761.72,24,632.0
251,Content/Social,2021-11-01,6859.71,32,324.0
252,Content/Social,2021-12-01,9772.29,27,426.0
253,Content/Social,2022-01-01,11724.91,23,524.0
254,Content/Social,2022-02-01,8465.31,12,430.0
255,Content/Social,2022-03-01,7106.74,14,357.0
256,Content/Social,2022-04-01,11624.46,15,524.0
257,Content/Social,2022-05-01,10371.26,19,588.0
258,Content/Social,2022-06-01,6844.18,11,341.0
259,Content/Social,2022-07-01,10305.59,24,495.0
260,Content/Social,2022-08-01,11313.24,16,592.0
261,Content/Social,2022-09-01,9851.05,24,547.0
262,Content/Social,2022-10-01,9583.2,16,530.0
263,Content/Social,2022-11-01,9276.91,19,396.0
264,Content/Social,2022-12-01,13347.87,11,577.0
265,Content/Social,2023-01-01,7941.38,18,416.0
266,Content/Social,2023-02-01,10775.66,9,465.0
267,Content/Social,2023-03-01,15220.09,8,751.0
268,Content/Social,2023-04-01,8305.52,11,468.0
269,Content/Social,2023-05-01,10199.29,11,495.0
270,Content/Social,2023-06-01,7871.13,8,391.0
271,Content/Social,2023-07-01,11995.25,9,671.0
272,Content/Social,2023-08-01,10732.22,8,556.0
273,Content/Social,2023-09-01,10428.31,15,500.0
274,Content/Social,2023-10-01,11502.08,4,637.0
275,Content/Social,2023-11-01,11111.92,9,475.0
276,Content/Social,2023-12-01,11025.4,12,476.0
277,Content/Social,2024-01-01,17125.67,4,928.0
278,Content/Social,2024-02-01,14278.85,1,820.0
279,Content/Social,2024-03-01,13597.77,3,620.0
280,Content/Social,2024-04-01,11919.46,6,542.0
281,Content/Social,2024-05-01,13803.25,1,754.0
282,Content/Social,2024-06-01,17681.07,4,909.0
283,Content/Social,2024-07-01,9722.28,4,555.0
284,Content/Social,2024-08-01,18337.76,7,844.0
285,Content/Social,2024-09-01,9668.47,3,542.0
286,Content/Social,2024-10-01,11419.53,4,523.0
287,Content/Social,2024-11-01,8580.69,4,404.0
288,Content/Social,2024-12-01,18222.9,3,791.0
